{"focal_length_pix": 4594.296615269448, "camera_rotation_angles": [88.96244779411774, 99.28683466912841, -3.048706756512888], "camera_coordinates": [421895.0132695215, 6186678.370305417, 178.18002638788906], "pic_center": [952.5, 540.0]}